{"framework":"angular-rxa-user-blocking-v11.0.9-keyed","keyed":true,"benchmark":"34_startup-totalbytes","type":"startup","min":329.9892578125,"max":329.9892578125,"mean":329.9892578125,"median":329.9892578125,"geometricMean":329.9892578125,"standardDeviation":0,"values":[329.9892578125,329.9892578125,329.9892578125,329.9892578125]}