{"framework":"angular-native-v11.0.9-keyed","keyed":true,"benchmark":"21_ready-memory","type":"memory","min":1.8328704833984375,"max":1.8328704833984375,"mean":1.8328704833984375,"median":1.8328704833984375,"geometricMean":1.8328704833984375,"standardDeviation":null,"values":[1.8328704833984375]}