{"framework":"angular-rxa-max-outcome-v11.0.9-keyed","keyed":true,"benchmark":"34_startup-totalbytes","type":"startup","min":293.2421875,"max":293.2421875,"mean":293.2421875,"median":293.2421875,"geometricMean":293.2421875,"standardDeviation":0,"values":[293.2421875,293.2421875,293.2421875,293.2421875]}