{"framework":"angular-rx-angular-normal-v11.0.9-keyed","keyed":true,"benchmark":"02_replace1k","type":"cpu","min":84.174,"max":145.234,"mean":117.3779,"median":118.83850000000001,"geometricMean":116.10871447149799,"standardDeviation":17.72137014047039,"values":[145.234,118.774,136.396,98.853,106.427,121.836,127.227,118.903,84.174,115.955]}