{"framework":"angular-rx-angular-normal-v11.0.9-keyed","keyed":true,"benchmark":"21_ready-memory","type":"memory","min":1.9926567077636719,"max":1.9926567077636719,"mean":1.9926567077636719,"median":1.9926567077636719,"geometricMean":1.9926567077636719,"standardDeviation":null,"values":[1.9926567077636719]}