{"framework":"angular-rxa-distinct-by-vinvalid (no package-lock)-keyed","keyed":true,"benchmark":"24_run5-memory","type":"memory","min":5.868877410888672,"max":5.868877410888672,"mean":5.868877410888672,"median":5.868877410888672,"geometricMean":5.868877410888672,"standardDeviation":null,"values":[5.868877410888672]}