{"framework":"angular-noopzone-v11.0.9-keyed","keyed":true,"benchmark":"22_run-memory","type":"memory","min":3.2145843505859375,"max":3.2145843505859375,"mean":3.2145843505859375,"median":3.2145843505859375,"geometricMean":3.2145843505859375,"standardDeviation":null,"values":[3.2145843505859375]}