{"framework":"angular-rx-angular-idle-vinvalid (no package-lock)-keyed","keyed":true,"benchmark":"21_ready-memory","type":"memory","min":1.9926681518554688,"max":1.9926681518554688,"mean":1.9926681518554688,"median":1.9926681518554688,"geometricMean":1.9926681518554688,"standardDeviation":null,"values":[1.9926681518554688]}