{"framework":"angular-rx-angular-idle-v11.0.9-keyed","keyed":true,"benchmark":"21_ready-memory","type":"memory","min":1.9927711486816406,"max":1.9927711486816406,"mean":1.9927711486816406,"median":1.9927711486816406,"geometricMean":1.9927711486816406,"standardDeviation":null,"values":[1.9927711486816406]}