{"framework":"angular-rx-angular-normal-vinvalid (no package-lock)-keyed","keyed":true,"benchmark":"22_run-memory","type":"memory","min":5.378208160400391,"max":5.378208160400391,"mean":5.378208160400391,"median":5.378208160400391,"geometricMean":5.378208160400391,"standardDeviation":null,"values":[5.378208160400391]}