{"framework":"angular-noopzone-v11.0.9-keyed","keyed":true,"benchmark":"23_update5-memory","type":"memory","min":3.5912246704101562,"max":3.5912246704101562,"mean":3.5912246704101562,"median":3.5912246704101562,"geometricMean":3.5912246704101562,"standardDeviation":null,"values":[3.5912246704101562]}