{"framework":"angular-rx-angular-normal-vinvalid (no package-lock)-keyed","keyed":true,"benchmark":"24_run5-memory","type":"memory","min":5.888462066650391,"max":5.888462066650391,"mean":5.888462066650391,"median":5.888462066650391,"geometricMean":5.888462066650391,"standardDeviation":null,"values":[5.888462066650391]}