{"framework":"angular-rxa-native-v11.0.9-keyed","keyed":true,"benchmark":"21_ready-memory","type":"memory","min":1.9927177429199219,"max":1.9927177429199219,"mean":1.9927177429199219,"median":1.9927177429199219,"geometricMean":1.9927177429199219,"standardDeviation":null,"values":[1.9927177429199219]}