{"framework":"angular-rxa-native-v11.0.9-keyed","keyed":true,"benchmark":"24_run5-memory","type":"memory","min":4.940467834472656,"max":4.940467834472656,"mean":4.940467834472656,"median":4.940467834472656,"geometricMean":4.940467834472656,"standardDeviation":null,"values":[4.940467834472656]}