{"framework":"angular-rx-angular-idle-vinvalid (no package-lock)-keyed","keyed":true,"benchmark":"31_startup-ci","type":"startup","min":3126.5950000000003,"max":3146.4600000000005,"mean":3133.3762500000003,"median":3130.2250000000004,"geometricMean":3133.366750774775,"standardDeviation":8.916460784227624,"values":[3131.085,3129.3650000000002,3126.5950000000003,3146.4600000000005]}