{"framework":"angular-rxa-max-outcome-v11.0.9-keyed","keyed":true,"benchmark":"02_replace1k","type":"cpu","min":74.693,"max":119.894,"mean":86.3117,"median":83.678,"geometricMean":85.49611803923672,"standardDeviation":13.410241144985676,"values":[85.252,119.894,96.867,85.661,75.881,84.288,77.143,74.693,80.37,83.068]}