{"framework":"angular-rxa-global-v11.0.9-keyed","keyed":true,"benchmark":"22_run-memory","type":"memory","min":4.540225982666016,"max":4.540225982666016,"mean":4.540225982666016,"median":4.540225982666016,"geometricMean":4.540225982666016,"standardDeviation":null,"values":[4.540225982666016]}