{"framework":"angular-rxa-global-vinvalid (no package-lock)-keyed","keyed":true,"benchmark":"24_run5-memory","type":"memory","min":4.942234039306641,"max":4.942234039306641,"mean":4.942234039306641,"median":4.942234039306641,"geometricMean":4.942234039306641,"standardDeviation":null,"values":[4.942234039306641]}