{"framework":"angular-noopzone-v11.0.9-keyed","keyed":true,"benchmark":"32_startup-bt","type":"startup","min":88.92000000000003,"max":112.48000000000002,"mean":101.01600000000003,"median":101.33200000000004,"geometricMean":100.62029849140433,"standardDeviation":10.278429452012597,"values":[88.92000000000003,96.91600000000003,105.74800000000005,112.48000000000002]}