{"framework":"angular-rxa-native-vinvalid (no package-lock)-keyed","keyed":true,"benchmark":"25_run-clear-memory","type":"memory","min":3.9401588439941406,"max":3.9401588439941406,"mean":3.9401588439941406,"median":3.9401588439941406,"geometricMean":3.9401588439941406,"standardDeviation":null,"values":[3.9401588439941406]}