{"framework":"angular-rxa-native-v11.0.9-keyed","keyed":true,"benchmark":"25_run-clear-memory","type":"memory","min":3.778209686279297,"max":3.778209686279297,"mean":3.778209686279297,"median":3.778209686279297,"geometricMean":3.778209686279297,"standardDeviation":null,"values":[3.778209686279297]}