{"framework":"angular-rx-angular-normal-vinvalid (no package-lock)-keyed","keyed":true,"benchmark":"25_run-clear-memory","type":"memory","min":4.791507720947266,"max":4.791507720947266,"mean":4.791507720947266,"median":4.791507720947266,"geometricMean":4.791507720947266,"standardDeviation":null,"values":[4.791507720947266]}