{"framework":"angular-native-vinvalid (no package-lock)-keyed","keyed":true,"benchmark":"24_run5-memory","type":"memory","min":4.993621826171875,"max":4.993621826171875,"mean":4.993621826171875,"median":4.993621826171875,"geometricMean":4.993621826171875,"standardDeviation":null,"values":[4.993621826171875]}