{"framework":"angular-rxa-global-vinvalid (no package-lock)-keyed","keyed":true,"benchmark":"22_run-memory","type":"memory","min":4.540210723876953,"max":4.540210723876953,"mean":4.540210723876953,"median":4.540210723876953,"geometricMean":4.540210723876953,"standardDeviation":null,"values":[4.540210723876953]}