{"framework":"angular-rxa-distinct-by-v11.0.9-keyed","keyed":true,"benchmark":"21_ready-memory","type":"memory","min":1.9929161071777344,"max":1.9929161071777344,"mean":1.9929161071777344,"median":1.9929161071777344,"geometricMean":1.9929161071777344,"standardDeviation":null,"values":[1.9929161071777344]}