{"framework":"angular-rx-angular-idle-v11.0.9-keyed","keyed":true,"benchmark":"22_run-memory","type":"memory","min":5.430168151855469,"max":5.430168151855469,"mean":5.430168151855469,"median":5.430168151855469,"geometricMean":5.430168151855469,"standardDeviation":null,"values":[5.430168151855469]}