{"framework":"angular-rxa-max-outcome-v11.0.9-keyed","keyed":true,"benchmark":"24_run5-memory","type":"memory","min":4.935443878173828,"max":4.935443878173828,"mean":4.935443878173828,"median":4.935443878173828,"geometricMean":4.935443878173828,"standardDeviation":null,"values":[4.935443878173828]}