{"framework":"angular-rxa-distinct-by-vinvalid (no package-lock)-keyed","keyed":true,"benchmark":"21_ready-memory","type":"memory","min":1.9929656982421875,"max":1.9929656982421875,"mean":1.9929656982421875,"median":1.9929656982421875,"geometricMean":1.9929656982421875,"standardDeviation":null,"values":[1.9929656982421875]}