{"framework":"angular-rxa-native-v11.0.9-keyed","keyed":true,"benchmark":"22_run-memory","type":"memory","min":4.509132385253906,"max":4.509132385253906,"mean":4.509132385253906,"median":4.509132385253906,"geometricMean":4.509132385253906,"standardDeviation":null,"values":[4.509132385253906]}