{"framework":"angular-rx-angular-normal-v11.0.9-keyed","keyed":true,"benchmark":"25_run-clear-memory","type":"memory","min":4.566688537597656,"max":4.566688537597656,"mean":4.566688537597656,"median":4.566688537597656,"geometricMean":4.566688537597656,"standardDeviation":null,"values":[4.566688537597656]}