{"framework":"angular-rxa-native-vinvalid (no package-lock)-keyed","keyed":true,"benchmark":"21_ready-memory","type":"memory","min":1.9926605224609375,"max":1.9926605224609375,"mean":1.9926605224609375,"median":1.9926605224609375,"geometricMean":1.9926605224609375,"standardDeviation":null,"values":[1.9926605224609375]}