{"framework":"angular-native-vinvalid (no package-lock)-keyed","keyed":true,"benchmark":"23_update5-memory","type":"memory","min":4.599250793457031,"max":4.599250793457031,"mean":4.599250793457031,"median":4.599250793457031,"geometricMean":4.599250793457031,"standardDeviation":null,"values":[4.599250793457031]}