{"framework":"angular-rx-angular-idle-v11.0.9-keyed","keyed":true,"benchmark":"24_run5-memory","type":"memory","min":5.882686614990234,"max":5.882686614990234,"mean":5.882686614990234,"median":5.882686614990234,"geometricMean":5.882686614990234,"standardDeviation":null,"values":[5.882686614990234]}