{"framework":"angular-rx-angular-idle-vinvalid (no package-lock)-keyed","keyed":true,"benchmark":"22_run-memory","type":"memory","min":5.422950744628906,"max":5.422950744628906,"mean":5.422950744628906,"median":5.422950744628906,"geometricMean":5.422950744628906,"standardDeviation":null,"values":[5.422950744628906]}