{"framework":"angular-rxa-max-outcome-v11.0.9-keyed","keyed":true,"benchmark":"22_run-memory","type":"memory","min":4.521884918212891,"max":4.521884918212891,"mean":4.521884918212891,"median":4.521884918212891,"geometricMean":4.521884918212891,"standardDeviation":null,"values":[4.521884918212891]}