{"framework":"angular-native-v11.0.9-keyed","keyed":true,"benchmark":"23_update5-memory","type":"memory","min":4.599269866943359,"max":4.599269866943359,"mean":4.599269866943359,"median":4.599269866943359,"geometricMean":4.599269866943359,"standardDeviation":null,"values":[4.599269866943359]}