{"framework":"angular-native-vinvalid (no package-lock)-keyed","keyed":true,"benchmark":"25_run-clear-memory","type":"memory","min":3.3557281494140625,"max":3.3557281494140625,"mean":3.3557281494140625,"median":3.3557281494140625,"geometricMean":3.3557281494140625,"standardDeviation":null,"values":[3.3557281494140625]}