{"framework":"angular-rxa-distinct-by-v11.0.9-keyed","keyed":true,"benchmark":"25_run-clear-memory","type":"memory","min":4.5642852783203125,"max":4.5642852783203125,"mean":4.5642852783203125,"median":4.5642852783203125,"geometricMean":4.5642852783203125,"standardDeviation":null,"values":[4.5642852783203125]}