{"framework":"angular-native-v11.0.9-keyed","keyed":true,"benchmark":"24_run5-memory","type":"memory","min":4.999942779541016,"max":4.999942779541016,"mean":4.999942779541016,"median":4.999942779541016,"geometricMean":4.999942779541016,"standardDeviation":null,"values":[4.999942779541016]}