{"framework":"angular-rxa-native-vinvalid (no package-lock)-keyed","keyed":true,"benchmark":"22_run-memory","type":"memory","min":4.5093536376953125,"max":4.5093536376953125,"mean":4.5093536376953125,"median":4.5093536376953125,"geometricMean":4.5093536376953125,"standardDeviation":null,"values":[4.5093536376953125]}