{"framework":"angular-rx-angular-local-vinvalid (no package-lock)-keyed","keyed":true,"benchmark":"32_startup-bt","type":"startup","min":183.31600000000003,"max":381.0880000000001,"mean":240.59200000000007,"median":198.98200000000006,"geometricMean":229.31945786769282,"standardDeviation":93.9836629774913,"values":[201.84000000000003,381.0880000000001,196.12400000000008,183.31600000000003]}