{"framework":"vanillajs-keyed","keyed":true,"benchmark":"23_update5-memory","type":"memory","min":1.9228286743164062,"max":1.9228286743164062,"mean":1.9228286743164062,"median":1.9228286743164062,"geometricMean":1.9228286743164062,"standardDeviation":null,"values":[1.9228286743164062]}