{"framework":"vanillajs-non-keyed","keyed":false,"benchmark":"22_run-memory","type":"memory","min":1.5986595153808594,"max":1.5986595153808594,"mean":1.5986595153808594,"median":1.5986595153808594,"geometricMean":1.5986595153808594,"standardDeviation":null,"values":[1.5986595153808594]}