{"framework":"vanillajs-non-keyed","keyed":false,"benchmark":"25_run-clear-memory","type":"memory","min":2.277973175048828,"max":2.277973175048828,"mean":2.277973175048828,"median":2.277973175048828,"geometricMean":2.277973175048828,"standardDeviation":null,"values":[2.277973175048828]}