{"framework":"vanillajs-non-keyed","keyed":false,"benchmark":"34_startup-totalbytes","type":"startup","min":150.5009765625,"max":150.5009765625,"mean":150.5009765625,"median":150.5009765625,"geometricMean":150.5009765625,"standardDeviation":0,"values":[150.5009765625,150.5009765625,150.5009765625,150.5009765625]}