{"framework":"vanillajs-non-keyed","keyed":false,"benchmark":"21_ready-memory","type":"memory","min":1.0646896362304688,"max":1.0646896362304688,"mean":1.0646896362304688,"median":1.0646896362304688,"geometricMean":1.0646896362304688,"standardDeviation":null,"values":[1.0646896362304688]}