{"framework":"vanillajs-keyed","keyed":true,"benchmark":"24_run5-memory","type":"memory","min":2.235942840576172,"max":2.235942840576172,"mean":2.235942840576172,"median":2.235942840576172,"geometricMean":2.235942840576172,"standardDeviation":null,"values":[2.235942840576172]}