{"framework":"angular-rxa-global-vinvalid (no package-lock)-keyed","keyed":true,"benchmark":"21_ready-memory","type":"memory","min":1.9926834106445312,"max":1.9926834106445312,"mean":1.9926834106445312,"median":1.9926834106445312,"geometricMean":1.9926834106445312,"standardDeviation":null,"values":[1.9926834106445312]}