{"framework":"angular-v11.0.9-non-keyed","keyed":false,"benchmark":"04_select1k","type":"cpu","min":6.578,"max":14.709,"mean":8.585600000000001,"median":7.8305,"geometricMean":8.35249486076936,"standardDeviation":2.388078502338927,"values":[14.709,10.45,7.21,7.341,7.371,8.206,7.661,8.33,8,6.578]}