{"framework":"angular-rxa-distinct-by-v11.0.9-keyed","keyed":true,"benchmark":"22_run-memory","type":"memory","min":5.327259063720703,"max":5.327259063720703,"mean":5.327259063720703,"median":5.327259063720703,"geometricMean":5.327259063720703,"standardDeviation":null,"values":[5.327259063720703]}