{"framework":"angular-rx-angular-normal-vinvalid (no package-lock)-keyed","keyed":true,"benchmark":"21_ready-memory","type":"memory","min":1.9927482604980469,"max":1.9927482604980469,"mean":1.9927482604980469,"median":1.9927482604980469,"geometricMean":1.9927482604980469,"standardDeviation":null,"values":[1.9927482604980469]}