{"framework":"angular-rxa-user-blocking-vinvalid (no package-lock)-keyed","keyed":true,"benchmark":"32_startup-bt","type":"startup","min":211.17600000000004,"max":418.1560000000001,"mean":292.11600000000004,"median":269.56600000000003,"geometricMean":282.41935851469214,"standardDeviation":90.73583641906143,"values":[418.1560000000001,294.51200000000006,244.62000000000003,211.17600000000004]}