{"framework":"angular-native-v11.0.9-keyed","keyed":true,"benchmark":"22_run-memory","type":"memory","min":4.259845733642578,"max":4.259845733642578,"mean":4.259845733642578,"median":4.259845733642578,"geometricMean":4.259845733642578,"standardDeviation":null,"values":[4.259845733642578]}