{"framework":"angular-rxa-native-vinvalid (no package-lock)-keyed","keyed":true,"benchmark":"24_run5-memory","type":"memory","min":4.940280914306641,"max":4.940280914306641,"mean":4.940280914306641,"median":4.940280914306641,"geometricMean":4.940280914306641,"standardDeviation":null,"values":[4.940280914306641]}