{"framework":"angular-rxa-distinct-by-v11.0.9-keyed","keyed":true,"benchmark":"24_run5-memory","type":"memory","min":5.857154846191406,"max":5.857154846191406,"mean":5.857154846191406,"median":5.857154846191406,"geometricMean":5.857154846191406,"standardDeviation":null,"values":[5.857154846191406]}