{"framework":"angular-rxa-native-v11.0.9-keyed","keyed":true,"benchmark":"02_replace1k","type":"cpu","min":62.28,"max":92.286,"mean":75.9067,"median":74.1875,"geometricMean":75.30829274566855,"standardDeviation":10.103219322462408,"values":[75.16,73.215,72.562,69.664,92.286,89.535,83.199,78.038,63.128,62.28]}