{"framework":"angular-rxa-max-outcome-v11.0.9-keyed","keyed":true,"benchmark":"21_ready-memory","type":"memory","min":1.5834121704101562,"max":1.5834121704101562,"mean":1.5834121704101562,"median":1.5834121704101562,"geometricMean":1.5834121704101562,"standardDeviation":null,"values":[1.5834121704101562]}