{"framework":"angular-native-vinvalid (no package-lock)-keyed","keyed":true,"benchmark":"21_ready-memory","type":"memory","min":1.8328475952148438,"max":1.8328475952148438,"mean":1.8328475952148438,"median":1.8328475952148438,"geometricMean":1.8328475952148438,"standardDeviation":null,"values":[1.8328475952148438]}