{"framework":"angular-rx-angular-normal-v11.0.9-keyed","keyed":true,"benchmark":"22_run-memory","type":"memory","min":5.429801940917969,"max":5.429801940917969,"mean":5.429801940917969,"median":5.429801940917969,"geometricMean":5.429801940917969,"standardDeviation":null,"values":[5.429801940917969]}