{"framework":"angular-native-v11.0.9-keyed","keyed":true,"benchmark":"32_startup-bt","type":"startup","min":210.60400000000004,"max":294.676,"mean":245.40999999999997,"median":238.17999999999998,"geometricMean":243.57483499841436,"standardDeviation":35.436571316461546,"values":[294.676,234.70799999999997,241.652,210.60400000000004]}