{"framework":"lit-element-v2.3.1-keyed","keyed":true,"benchmark":"21_ready-memory","type":"memory","min":1.1806411743164062,"max":1.1806411743164062,"mean":1.1806411743164062,"median":1.1806411743164062,"geometricMean":1.1806411743164062,"standardDeviation":null,"values":[1.1806411743164062]}