{"framework":"lit-element-v2.3.1-keyed","keyed":true,"benchmark":"01_run1k","type":"cpu","min":174.309,"max":219.024,"mean":197.197,"median":195.86149999999998,"geometricMean":196.64086116975187,"standardDeviation":15.609114509727249,"values":[212.242,187.513,219.024,180.102,174.309,201.289,216.422,190.434,186.921,203.714]}