{"framework":"vanillajs-keyed","keyed":true,"benchmark":"22_run-memory","type":"memory","min":1.5984039306640625,"max":1.5984039306640625,"mean":1.5984039306640625,"median":1.5984039306640625,"geometricMean":1.5984039306640625,"standardDeviation":null,"values":[1.5984039306640625]}