{"framework":"vanillajs-keyed","keyed":true,"benchmark":"31_startup-ci","type":"startup","min":1955.8550000000002,"max":1959.1250000000002,"mean":1957.94,"median":1958.3899999999999,"geometricMean":1957.939605392047,"standardDeviation":1.4350958156164515,"values":[1959.1250000000002,1958.4950000000001,1955.8550000000002,1958.2849999999999]}