{"framework":"vanillajs-keyed","keyed":true,"benchmark":"21_ready-memory","type":"memory","min":1.0647544860839844,"max":1.0647544860839844,"mean":1.0647544860839844,"median":1.0647544860839844,"geometricMean":1.0647544860839844,"standardDeviation":null,"values":[1.0647544860839844]}