{"framework":"vanillajs-keyed","keyed":true,"benchmark":"25_run-clear-memory","type":"memory","min":2.277690887451172,"max":2.277690887451172,"mean":2.277690887451172,"median":2.277690887451172,"geometricMean":2.277690887451172,"standardDeviation":null,"values":[2.277690887451172]}