{"framework":"angular-native-vinvalid (no package-lock)-keyed","keyed":true,"benchmark":"22_run-memory","type":"memory","min":4.2600555419921875,"max":4.2600555419921875,"mean":4.2600555419921875,"median":4.2600555419921875,"geometricMean":4.2600555419921875,"standardDeviation":null,"values":[4.2600555419921875]}