{"framework":"angular-rxa-global-v11.0.9-keyed","keyed":true,"benchmark":"24_run5-memory","type":"memory","min":4.951198577880859,"max":4.951198577880859,"mean":4.951198577880859,"median":4.951198577880859,"geometricMean":4.951198577880859,"standardDeviation":null,"values":[4.951198577880859]}