{"framework":"angular-rx-angular-normal-vinvalid (no package-lock)-keyed","keyed":true,"benchmark":"32_startup-bt","type":"startup","min":207.81600000000003,"max":242.09600000000006,"mean":221.09400000000005,"median":217.23200000000003,"geometricMean":220.73543423138187,"standardDeviation":14.751996203904083,"values":[218.912,242.09600000000006,215.55200000000002,207.81600000000003]}