{"framework":"angular-rx-angular-normal-v11.0.9-keyed","keyed":true,"benchmark":"24_run5-memory","type":"memory","min":5.893463134765625,"max":5.893463134765625,"mean":5.893463134765625,"median":5.893463134765625,"geometricMean":5.893463134765625,"standardDeviation":null,"values":[5.893463134765625]}