{"framework":"angular-rxa-distinct-by-vinvalid (no package-lock)-keyed","keyed":true,"benchmark":"08_create1k-after1k_x2","type":"cpu","min":619.309,"max":1323.774,"mean":897.4037000000001,"median":671.2570000000001,"geometricMean":849.2581644841831,"standardDeviation":320.25656637003124,"values":[1323.774,1259.757,1176.521,643.372,653.662,685.842,649.509,619.309,1305.619,656.672]}