{"framework":"angular-rx-angular-idle-v11.0.9-keyed","keyed":true,"benchmark":"07_create10k","type":"cpu","min":6293.122,"max":12289.039,"mean":8427.4881,"median":7421.758,"geometricMean":8209.542942681137,"standardDeviation":2154.2489460625097,"values":[7169.971,6293.122,7137.184,8616.232,12289.039,12144.373,9030.932,6750.512,7379.736,7463.78]}