{"framework":"angular-rxa-distinct-by-vinvalid (no package-lock)-keyed","keyed":true,"benchmark":"22_run-memory","type":"memory","min":5.430156707763672,"max":5.430156707763672,"mean":5.430156707763672,"median":5.430156707763672,"geometricMean":5.430156707763672,"standardDeviation":null,"values":[5.430156707763672]}