{"framework":"angular-rxa-global-v11.0.9-keyed","keyed":true,"benchmark":"25_run-clear-memory","type":"memory","min":3.7796287536621094,"max":3.7796287536621094,"mean":3.7796287536621094,"median":3.7796287536621094,"geometricMean":3.7796287536621094,"standardDeviation":null,"values":[3.7796287536621094]}