{"framework":"angular-native-v11.0.9-keyed","keyed":true,"benchmark":"25_run-clear-memory","type":"memory","min":3.3562889099121094,"max":3.3562889099121094,"mean":3.3562889099121094,"median":3.3562889099121094,"geometricMean":3.3562889099121094,"standardDeviation":null,"values":[3.3562889099121094]}