{"framework":"angular-noopzone-v11.0.9-keyed","keyed":true,"benchmark":"24_run5-memory","type":"memory","min":4.114574432373047,"max":4.114574432373047,"mean":4.114574432373047,"median":4.114574432373047,"geometricMean":4.114574432373047,"standardDeviation":null,"values":[4.114574432373047]}