{"framework":"angular-rxa-global-vinvalid (no package-lock)-keyed","keyed":true,"benchmark":"25_run-clear-memory","type":"memory","min":3.9550933837890625,"max":3.9550933837890625,"mean":3.9550933837890625,"median":3.9550933837890625,"geometricMean":3.9550933837890625,"standardDeviation":null,"values":[3.9550933837890625]}