{"framework":"angular-rxa-max-outcome-v11.0.9-keyed","keyed":true,"benchmark":"25_run-clear-memory","type":"memory","min":4.168323516845703,"max":4.168323516845703,"mean":4.168323516845703,"median":4.168323516845703,"geometricMean":4.168323516845703,"standardDeviation":null,"values":[4.168323516845703]}