{"framework":"angular-rx-angular-idle-v11.0.9-keyed","keyed":true,"benchmark":"25_run-clear-memory","type":"memory","min":4.552787780761719,"max":4.552787780761719,"mean":4.552787780761719,"median":4.552787780761719,"geometricMean":4.552787780761719,"standardDeviation":null,"values":[4.552787780761719]}