{"framework":"lit-element-v2.3.1-keyed","keyed":true,"benchmark":"08_create1k-after1k_x2","type":"cpu","min":560.561,"max":780.229,"mean":651.6920000000001,"median":642.1425,"geometricMean":648.6427139347242,"standardDeviation":67.01788221230377,"values":[638.037,560.561,639.835,721.212,780.229,680.119,675.325,644.45,565.668,611.484]}