{"framework":"lit-element-v2.3.1-keyed","keyed":true,"benchmark":"25_run-clear-memory","type":"memory","min":2.5839881896972656,"max":2.5839881896972656,"mean":2.5839881896972656,"median":2.5839881896972656,"geometricMean":2.5839881896972656,"standardDeviation":null,"values":[2.5839881896972656]}