{"framework":"lit-element-v2.3.1-keyed","keyed":true,"benchmark":"22_run-memory","type":"memory","min":2.942790985107422,"max":2.942790985107422,"mean":2.942790985107422,"median":2.942790985107422,"geometricMean":2.942790985107422,"standardDeviation":null,"values":[2.942790985107422]}