{"framework":"lit-element-v2.3.1-keyed","keyed":true,"benchmark":"23_update5-memory","type":"memory","min":3.2817153930664062,"max":3.2817153930664062,"mean":3.2817153930664062,"median":3.2817153930664062,"geometricMean":3.2817153930664062,"standardDeviation":null,"values":[3.2817153930664062]}