{"framework":"lit-element-v2.3.1-keyed","keyed":true,"benchmark":"24_run5-memory","type":"memory","min":3.5116004943847656,"max":3.5116004943847656,"mean":3.5116004943847656,"median":3.5116004943847656,"geometricMean":3.5116004943847656,"standardDeviation":null,"values":[3.5116004943847656]}