{"framework":"vanillajs-non-keyed","keyed":false,"benchmark":"24_run5-memory","type":"memory","min":1.6220588684082031,"max":1.6220588684082031,"mean":1.6220588684082031,"median":1.6220588684082031,"geometricMean":1.6220588684082031,"standardDeviation":null,"values":[1.6220588684082031]}